Virus name	GISAID ID	Date	Location
DP0005	EPI_ISL_416565	2020-02-15	DP
DP0027	EPI_ISL_416566	2020-02-15	DP
DP0037	EPI_ISL_416567	2020-02-15	DP
DP0058	EPI_ISL_416568	2020-02-15	DP
DP0059	EPI_ISL_416569	2020-02-15	DP
DP0065	EPI_ISL_416570	2020-02-15	DP
DP0077	EPI_ISL_416571	2020-02-15	DP
DP0078	EPI_ISL_416572	2020-02-15	DP
DP0104	EPI_ISL_416573	2020-02-15	DP
DP0107	EPI_ISL_416574	2020-02-15	DP
DP0121	EPI_ISL_416575	2020-02-15	DP
DP0133	EPI_ISL_416576	2020-02-15	DP
DP0134	EPI_ISL_416577	2020-02-15	DP
DP0152	EPI_ISL_416578	2020-02-15	DP
DP0158	EPI_ISL_416579	2020-02-15	DP
DP0184	EPI_ISL_416580	2020-02-15	DP
DP0190	EPI_ISL_416581	2020-02-15	DP
DP0191	EPI_ISL_416582	2020-02-15	DP
DP0196	EPI_ISL_416583	2020-02-15	DP
DP0200	EPI_ISL_416584	2020-02-15	DP
DP0236	EPI_ISL_416585	2020-02-16	DP
DP0274	EPI_ISL_416586	2020-02-16	DP
DP0278	EPI_ISL_416587	2020-02-16	DP
DP0286	EPI_ISL_416588	2020-02-16	DP
DP0287	EPI_ISL_416589	2020-02-16	DP
DP0289	EPI_ISL_416590	2020-02-16	DP
DP0290	EPI_ISL_416591	2020-02-16	DP
DP0294	EPI_ISL_416592	2020-02-16	DP
DP0311	EPI_ISL_416593	2020-02-16	DP
DP0319	EPI_ISL_416594	2020-02-16	DP
DP0328	EPI_ISL_416595	2020-02-16	DP
DP0344	EPI_ISL_416596	2020-02-16	DP
DP0346	EPI_ISL_416597	2020-02-16	DP
DP0357	EPI_ISL_416598	2020-02-16	DP
DP0361	EPI_ISL_416599	2020-02-16	DP
DP0438	EPI_ISL_416600	2020-02-16	DP
DP0457	EPI_ISL_416601	2020-02-16	DP
DP0462	EPI_ISL_416602	2020-02-16	DP
DP0464	EPI_ISL_416603	2020-02-16	DP
DP0476	EPI_ISL_416604	2020-02-16	DP
DP0481	EPI_ISL_416605	2020-02-16	DP
DP0482	EPI_ISL_416606	2020-02-16	DP
DP0543	EPI_ISL_416607	2020-02-17	DP
DP0544	EPI_ISL_416608	2020-02-17	DP
DP0568	EPI_ISL_416609	2020-02-17	DP
DP0588	EPI_ISL_416610	2020-02-17	DP
DP0644	EPI_ISL_416611	2020-02-17	DP
DP0645	EPI_ISL_416612	2020-02-17	DP
DP0654	EPI_ISL_416613	2020-02-17	DP
DP0687	EPI_ISL_416614	2020-02-17	DP
DP0690	EPI_ISL_416615	2020-02-17	DP
DP0697	EPI_ISL_416616	2020-02-17	DP
DP0699	EPI_ISL_416617	2020-02-17	DP
DP0700	EPI_ISL_416618	2020-02-17	DP
DP0703	EPI_ISL_416619	2020-02-17	DP
DP0724	EPI_ISL_416620	2020-02-17	DP
DP0743	EPI_ISL_416621	2020-02-17	DP
DP0752	EPI_ISL_416622	2020-02-17	DP
DP0763	EPI_ISL_416623	2020-02-17	DP
DP0764	EPI_ISL_416624	2020-02-17	DP
DP0765	EPI_ISL_416625	2020-02-17	DP
DP0779	EPI_ISL_416626	2020-02-17	DP
DP0785	EPI_ISL_416627	2020-02-17	DP
DP0786	EPI_ISL_416628	2020-02-17	DP
DP0802	EPI_ISL_416629	2020-02-17	DP
DP0803	EPI_ISL_416630	2020-02-17	DP
DP0804	EPI_ISL_416631	2020-02-17	DP
DP0827	EPI_ISL_416632	2020-02-17	DP
DP0880	EPI_ISL_416633	2020-02-17	DP
DP0890	EPI_ISL_416634	2020-02-17	DP
Wuhan/IVDC-HB-01/2019	EPI_ISL_402119	2019-12-30	China
Wuhan/IVDC-HB-04/2020	EPI_ISL_402120	2020-01-01	China
Wuhan/IVDC-HB-05/2019	EPI_ISL_402121	2019-12-30	China
Wuhan/IPBCAMS-WH-01/2019	EPI_ISL_402123	2019-12-24	China
Wuhan/WIV04/2019	EPI_ISL_402124	2019-12-30	China
Wuhan-Hu-1/2019	EPI_ISL_402125	2019-12-26	China
Wuhan/WIV02/2019	EPI_ISL_402127	2019-12-30	China
Wuhan/WIV05/2019	EPI_ISL_402128	2019-12-30	China
Wuhan/WIV06/2019	EPI_ISL_402129	2019-12-30	China
Wuhan/WIV07/2019	EPI_ISL_402130	2019-12-30	China
Wuhan/HBCDC-HB-01/2019	EPI_ISL_402132	2019-12-30	China
Wuhan/IPBCAMS-WH-05/2020	EPI_ISL_403928	2020-01-01	China
Wuhan/IPBCAMS-WH-04/2019	EPI_ISL_403929	2019-12-30	China
Wuhan/IPBCAMS-WH-03/2019	EPI_ISL_403930	2019-12-30	China
Wuhan/IPBCAMS-WH-02/2019	EPI_ISL_403931	2019-12-30	China
Guangdong/20SF012/2020	EPI_ISL_403932	2020-01-14	China
Guangdong/20SF013/2020	EPI_ISL_403933	2020-01-15	China
Guangdong/20SF014/2020	EPI_ISL_403934	2020-01-15	China
Guangdong/20SF025/2020	EPI_ISL_403935	2020-01-15	China
Guangdong/20SF028/2020	EPI_ISL_403936	2020-01-17	China
Guangdong/20SF040/2020	EPI_ISL_403937	2020-01-18	China
Thailand/61/2020	EPI_ISL_403962	2020-01-08	other Asia
Thailand/74/2020	EPI_ISL_403963	2020-01-13	other Asia
Zhejiang/WZ-01/2020	EPI_ISL_404227	2020-01-16	China
Zhejiang/WZ-02/2020	EPI_ISL_404228	2020-01-17	China
USA/WA1/2020	EPI_ISL_404895	2020-01-19	North America
Shenzhen/HKU-SZ-005/2020	EPI_ISL_405839	2020-01-11	China
Shenzhen/HKU-SZ-002/2020	EPI_ISL_406030	2020-01-10	China
Taiwan/2/2020	EPI_ISL_406031	2020-01-23	other Asia
USA/CA1/2020	EPI_ISL_406034	2020-01-23	North America
USA/CA2/2020	EPI_ISL_406036	2020-01-22	North America
USA/AZ1/2020	EPI_ISL_406223	2020-01-22	North America
Guangdong/20SF174/2020	EPI_ISL_406531	2020-01-22	China
Guangzhou/20SF206/2020	EPI_ISL_406533	2020-01-22	China
Foshan/20SF207/2020	EPI_ISL_406534	2020-01-22	China
Foshan/20SF210/2020	EPI_ISL_406535	2020-01-22	China
Foshan/20SF211/2020	EPI_ISL_406536	2020-01-22	China
Guangdong/20SF201/2020	EPI_ISL_406538	2020-01-23	China
Shenzhen/SZTH-002/2020	EPI_ISL_406593	2020-01-13	China
Shenzhen/SZTH-003/2020	EPI_ISL_406594	2020-01-16	China
Shenzhen/SZTH-004/2020	EPI_ISL_406595	2020-01-16	China
France/IDF0372/2020	EPI_ISL_406596	2020-01-23	Europe
France/IDF0373/2020	EPI_ISL_406597	2020-01-23	Europe
Wuhan/WHU01/2020	EPI_ISL_406716	2020-01-02	China
Wuhan/WHU02/2020	EPI_ISL_406717	2020-01-02	China
Wuhan/WH01/2019	EPI_ISL_406798	2019-12-26	China
Wuhan/WH03/2020	EPI_ISL_406800	2020-01-01	China
Wuhan/WH04/2020	EPI_ISL_406801	2020-01-05	China
Australia/VIC01/2020	EPI_ISL_406844	2020-01-25	Oceania
Germany/BavPat1/2020	EPI_ISL_406862	2020-01-28	Europe
Hangzhou/HZ-1/2020	EPI_ISL_406970	2020-01-20	China
Singapore/1/2020	EPI_ISL_406973	2020-01-23	other Asia
England/02/2020	EPI_ISL_407073	2020-01-29	Europe
Japan/AI-I-004/2020	EPI_ISL_407084	2020-01-25	Japan
SouthKorea/KCDC03/2020	EPI_ISL_407193	2020-01-25	other Asia
USA/WA1-A12/2020	EPI_ISL_407214	2020-01-25	North America
USA/WA1-F6/2020	EPI_ISL_407215	2020-01-25	North America
Hangzhou/HZCDC0001/2020	EPI_ISL_407313	2020-01-19	China
Australia/NSW01/2020	EPI_ISL_407893	2020-01-24	Oceania
Australia/QLD01/2020	EPI_ISL_407894	2020-01-28	Oceania
Australia/QLD02/2020	EPI_ISL_407896	2020-01-30	Oceania
Belgium/GHB-03021/2020	EPI_ISL_407976	2020-02-03	Europe
Singapore/2/2020	EPI_ISL_407987	2020-01-25	other Asia
Singapore/3/2020	EPI_ISL_407988	2020-02-01	other Asia
USA/CA3/2020	EPI_ISL_408008	2020-01-29	North America
USA/CA4/2020	EPI_ISL_408009	2020-01-29	North America
USA/CA5/2020	EPI_ISL_408010	2020-01-29	North America
France/IDF0515/2020	EPI_ISL_408430	2020-01-29	Europe
France/IDF0626/2020	EPI_ISL_408431	2020-01-29	Europe
Chongqing/YC01/2020	EPI_ISL_408478	2020-01-21	China
Chongqing/ZX01/2020	EPI_ISL_408479	2020-01-23	China
Yunnan/IVDC-YN-003/2020	EPI_ISL_408480	2020-01-17	China
Chongqing/IVDC-CQ-001/2020	EPI_ISL_408481	2020-01-18	China
Shandong/IVDC-SD-001/2020	EPI_ISL_408482	2020-01-19	China
Sichuan/IVDC-SC-001/2020	EPI_ISL_408484	2020-01-15	China
Jiangxi/IVDC-JX-002/2020	EPI_ISL_408486	2020-01-11	China
Jiangsu/IVDC-JS-001/2020	EPI_ISL_408488	2020-01-19	China
env/Wuhan/IVDC-HBF13-20/2020	EPI_ISL_408514	2020-01-01	China
env/Wuhan/IVDC-HBF13-21/2020	EPI_ISL_408515	2020-01-01	China
Japan/TY-WK-012/2020	EPI_ISL_408665	2020-01-29	Japan
Japan/TY-WK-501/2020	EPI_ISL_408666	2020-01-31	Japan
Japan/TY-WK-521/2020	EPI_ISL_408667	2020-01-31	Japan
Vietnam/VR03-38142/2020	EPI_ISL_408668	2020-01-24	other Asia
Japan/KY-V-029/2020	EPI_ISL_408669	2020-01-29	Japan
USA/WI1/2020	EPI_ISL_408670	2020-01-31	North America
Australia/NSW02/2020	EPI_ISL_408976	2020-01-22	Oceania
Australia/NSW03/2020	EPI_ISL_408977	2020-01-25	Oceania
USA/CA6/2020	EPI_ISL_410044	2020-01-27	North America
USA/IL2/2020	EPI_ISL_410045	2020-01-28	North America
Taiwan/NTU02/2020	EPI_ISL_410218	2020-02-05	other Asia
Nepal/61/2020	EPI_ISL_410301	2020-01-13	other Asia
France/RA739/2020	EPI_ISL_410486	2020-02-08	Europe
Japan/NA-20-05-1/2020	EPI_ISL_410531	2020-01-25	Japan
Japan/OS-20-07-1/2020	EPI_ISL_410532	2020-01-23	Japan
Singapore/4/2020	EPI_ISL_410535	2020-02-03	other Asia
Singapore/5/2020	EPI_ISL_410536	2020-02-06	other Asia
Singapore/6/2020	EPI_ISL_410537	2020-02-09	other Asia
Italy/INMI1-cs/2020	EPI_ISL_410546	2020-01-29	Europe
Singapore/7/2020	EPI_ISL_410713	2020-01-27	other Asia
Singapore/8/2020	EPI_ISL_410714	2020-02-03	other Asia
Singapore/9/2020	EPI_ISL_410715	2020-02-04	other Asia
Singapore/10/2020	EPI_ISL_410716	2020-02-04	other Asia
Australia/QLD03/2020	EPI_ISL_410717	2020-02-05	Oceania
Australia/QLD04/2020	EPI_ISL_410718	2020-02-05	Oceania
Singapore/11/2020	EPI_ISL_410719	2020-02-02	other Asia
France/IDF0372-isl/2020	EPI_ISL_410720	2020-01-23	Europe
France/IDF0515-isl/2020	EPI_ISL_410984	2020-01-29	Europe
Fujian/8/2020	EPI_ISL_411060	2020-01-21	China
Fujian/13/2020	EPI_ISL_411066	2020-01-22	China
France/IDF0571/2020	EPI_ISL_411218	2020-02-02	Europe
France/IDF0386-islP1/2020	EPI_ISL_411219	2020-01-28	Europe
France/IDF0386-islP3/2020	EPI_ISL_411220	2020-01-28	Europe
Cambodia/0012/2020	EPI_ISL_411902	2020-01-27	other Asia
Taiwan/CGMH-CGU-01/2020	EPI_ISL_411915	2020-01-25	other Asia
Taiwan/3/2020	EPI_ISL_411926	2020-01-24	other Asia
Taiwan/4/2020	EPI_ISL_411927	2020-01-28	other Asia
SouthKorea/SNU01/2020	EPI_ISL_411929	2020-01-XX	other Asia
Jiangsu/JS01/2020	EPI_ISL_411950	2020-01-23	China
Sweden/01/2020	EPI_ISL_411951	2020-02-07	Europe
Jiangsu/JS02/2020	EPI_ISL_411952	2020-01-24	China
Jiangsu/JS03/2020	EPI_ISL_411953	2020-01-24	China
USA/CA7/2020	EPI_ISL_411954	2020-02-06	North America
USA/CA8/2020	EPI_ISL_411955	2020-02-10	North America
USA/TX1/2020	EPI_ISL_411956	2020-02-11	North America
China/WH-09/2020	EPI_ISL_411957	2020-01-08	China
HongKong/VB20024950/2020	EPI_ISL_412029	2020-01-30	other Asia
HongKong/VB20026565/2020	EPI_ISL_412030	2020-02-01	other Asia
Jingzhou/HBCDC-HB-01/2020	EPI_ISL_412459	2020-01-08	China
SouthKorea/KCDC05/2020	EPI_ISL_412869	2020-01-30	other Asia
SouthKorea/KCDC06/2020	EPI_ISL_412870	2020-01-30	other Asia
SouthKorea/KCDC07/2020	EPI_ISL_412871	2020-01-31	other Asia
SouthKorea/KCDC12/2020	EPI_ISL_412872	2020-02-01	other Asia
SouthKorea/KCDC24/2020	EPI_ISL_412873	2020-02-06	other Asia
Wuhan/HBCDC-HB-02/2019	EPI_ISL_412898	2019-12-30	China
Wuhan/HBCDC-HB-03/2019	EPI_ISL_412899	2019-12-30	China
China/IQTC01/2020	EPI_ISL_412966	2020-02-05	China
China/IQTC02/2020	EPI_ISL_412967	2020-01-29	China
Japan/Hu_DP_Kng_19-020/2020	EPI_ISL_412968	2020-02-10	DP
Japan/Hu_DP_Kng_19-027/2020	EPI_ISL_412969	2020-02-10	DP
Italy/SPL1/2020	EPI_ISL_412974	2020-01-29	Europe
Wuhan/HBCDC-HB-02/2020	EPI_ISL_412978	2020-01-17	China
Wuhan/HBCDC-HB-03/2020	EPI_ISL_412979	2020-01-18	China
Wuhan/HBCDC-HB-04/2020	EPI_ISL_412980	2020-01-18	China
Wuhan/HBCDC-HB-06/2020	EPI_ISL_412982	2020-02-07	China
Canada/ON-PHL2445/2020	EPI_ISL_413014	2020-01-25	North America
Canada/ON-VIDO-01/2020	EPI_ISL_413015	2020-01-23	North America
SouthKorea/KUMC01/2020	EPI_ISL_413017	2020-02-06	other Asia
SouthKorea/KUMC02/2020	EPI_ISL_413018	2020-02-06	other Asia
Anhui/SZ005/2020	EPI_ISL_413485	2020-01-24	China
Beijing/105/2020	EPI_ISL_413518	2020-01-26	China
Beijing/231/2020	EPI_ISL_413519	2020-01-28	China
Beijing/233/2020	EPI_ISL_413520	2020-01-28	China
Beijing/235/2020	EPI_ISL_413521	2020-01-28	China
India/1-27/2020	EPI_ISL_413522	2020-01-27	other Asia
India/1-31/2020	EPI_ISL_413523	2020-01-31	other Asia
USA/CruiseA-1/2020	EPI_ISL_413606	2020-02-17	CruiseA
USA/CruiseA-2/2020	EPI_ISL_413607	2020-02-18	CruiseA
USA/CruiseA-3/2020	EPI_ISL_413608	2020-02-18	CruiseA
USA/CruiseA-7/2020	EPI_ISL_413612	2020-02-17	CruiseA
USA/CruiseA-8/2020	EPI_ISL_413613	2020-02-17	CruiseA
USA/CruiseA-9/2020	EPI_ISL_413614	2020-02-17	CruiseA
USA/CruiseA-10/2020	EPI_ISL_413615	2020-02-17	CruiseA
USA/CruiseA-11/2020	EPI_ISL_413616	2020-02-17	CruiseA
USA/CruiseA-15/2020	EPI_ISL_413620	2020-02-18	CruiseA
USA/CruiseA-16/2020	EPI_ISL_413621	2020-02-18	CruiseA
China/WF0001/2020	EPI_ISL_413691	2020-01-XX	China
China/WF0002/2020	EPI_ISL_413692	2020-01-XX	China
China/WF0003/2020	EPI_ISL_413693	2020-01-XX	China
China/WF0004/2020	EPI_ISL_413694	2020-01-XX	China
Guangdong/2020XN4243-P0035/2020	EPI_ISL_413853	2020-01-30	China
Guangdong/2020XN4475-P0042/2020	EPI_ISL_413854	2020-01-30	China
Guangdong/2020XN4448-P0002/2020	EPI_ISL_413857	2020-01-31	China
Guangdong/GD2020080-P0010/2020	EPI_ISL_413861	2020-02-01	China
Guangdong/GD2020087-P0008/2020	EPI_ISL_413863	2020-02-01	China
Guangdong/GD2020246-P0028/2020	EPI_ISL_413864	2020-02-09	China
USA/CruiseA-19/2020	EPI_ISL_414479	2020-02-18	CruiseA
USA/CruiseA-25/2020	EPI_ISL_414484	2020-02-17	CruiseA
Shanghai/SH01/2020	EPI_ISL_414510	2020-02-02	China
Japan/TKYE6182/2020	EPI_ISL_414511	2020-01	Japan
HongKong/VM20002493/2020	EPI_ISL_414527	2020-02-09	other Asia
HongKong/VM20002507/2020	EPI_ISL_414528	2020-02-10	other Asia
HongKong/VM20002582/2020	EPI_ISL_414569	2020-02-12	other Asia
Shandong/LY003/2020	EPI_ISL_414936	2020-01-23	China
Shandong/LY004/2020	EPI_ISL_414937	2020-01-26	China
Shandong/LY005/2020	EPI_ISL_414938	2020-01-24	China
Shandong/LY007/2020	EPI_ISL_414940	2020-01-25	China
Shandong/LY008/2020	EPI_ISL_414941	2020-01-30	China
Hangzhou/ZJU-01/2020	EPI_ISL_415709	2020-01-25	China
Hangzhou/ZJU-05/2020	EPI_ISL_415711	2020-01-22	China
Hangzhou/ZJU-02/2020	EPI_ISL_416042	2020-01-26	China
Hangzhou/ZJU-03/2020	EPI_ISL_416044	2020-01-25	China
Hangzhou/ZJU-04/2020	EPI_ISL_416046	2020-01-24	China
Hangzhou/ZJU-06/2020	EPI_ISL_416047	2020-02-02	China
Shanghai/SH0002/2020	EPI_ISL_416316	2020-01-25	China
Shanghai/SH0003/2020	EPI_ISL_416317	2020-01-25	China
Shanghai/SH0004/2020	EPI_ISL_416318	2020-01-28	China
Shanghai/SH0007/2020	EPI_ISL_416320	2020-01-28	China
Shanghai/SH0008/2020	EPI_ISL_416321	2020-01-28	China
Shanghai/SH0009/2020	EPI_ISL_416322	2020-01-29	China
Shanghai/SH0010/2020	EPI_ISL_416323	2020-01-29	China
Shanghai/SH0012/2020	EPI_ISL_416325	2020-02-02	China
Shanghai/SH0013/2020	EPI_ISL_416326	2020-01-30	China
Shanghai/SH0021/2020	EPI_ISL_416330	2020-02-02	China
Shanghai/SH0022/2020	EPI_ISL_416331	2020-01-30	China
Shanghai/SH0023/2020	EPI_ISL_416332	2020-01-30	China
Shanghai/SH0026/2020	EPI_ISL_416335	2020-02-02	China
Shanghai/SH0027/2020	EPI_ISL_416336	2020-02-01	China
Shanghai/SH0029/2020	EPI_ISL_416338	2020-02-01	China
Shanghai/SH0030/2020	EPI_ISL_416339	2020-02-03	China
Shanghai/SH0032/2020	EPI_ISL_416341	2020-02-01	China
Shanghai/SH0043/2020	EPI_ISL_416352	2020-01-30	China
Shanghai/SH0044/2020	EPI_ISL_416353	2020-02-04	China
Shanghai/SH0053/2020	EPI_ISL_416361	2020-02-01	China
Shanghai/SH0054/2020	EPI_ISL_416362	2020-02-02	China
Shanghai/SH0055/2020	EPI_ISL_416363	2020-02-08	China
Shanghai/SH0060/2020	EPI_ISL_416367	2020-02-01	China
Shanghai/SH0070/2020	EPI_ISL_416373	2020-02-07	China
Shanghai/SH0073/2020	EPI_ISL_416376	2020-02-05	China
Shanghai/SH0074/2020	EPI_ISL_416377	2020-02-07	China
Shanghai/SH0077/2020	EPI_ISL_416380	2020-02-09	China
Shanghai/SH0079/2020	EPI_ISL_416381	2020-02-01	China
Shanghai/SH0080/2020	EPI_ISL_416382	2020-02-08	China
Shanghai/SH0094/2020	EPI_ISL_416390	2020-01-31	China
Shanghai/SH0101/2020	EPI_ISL_416393	2020-02-09	China
Shanghai/SH0102/2020	EPI_ISL_416394	2020-02-14	China
Shanghai/SH0107/2020	EPI_ISL_416397	2020-02-02	China
Shanghai/SH0109/2020	EPI_ISL_416398	2020-02-02	China
Shanghai/SH0110/2020	EPI_ISL_416399	2020-02-13	China
Shanghai/SH0114/2020	EPI_ISL_416401	2020-02-02	China
Shanghai/SH0115/2020	EPI_ISL_416402	2020-02-11	China
Shanghai/SH0117/2020	EPI_ISL_416403	2020-02-02	China
Shanghai/SH0119/2020	EPI_ISL_416404	2020-02-09	China
Shanghai/SH0121/2020	EPI_ISL_416405	2020-02-02	China
Shanghai/SH0126/2020	EPI_ISL_416407	2020-02-15	China
Australia/VIC03/2020	EPI_ISL_416411	2020-01-25	Oceania
Australia/VIC07/2020	EPI_ISL_416415	2020-02-08	Oceania
Hangzhou/ZJU-07/2020	EPI_ISL_416425	2020-02-03	China
Vietnam/38142/2020	EPI_ISL_416427	2020-01-24	other Asia
Vietnam/CM99/2020	EPI_ISL_416429	2020-02-11	other Asia
Hangzhou/ZJU-08/2020	EPI_ISL_416473	2020-01-26	China
Hangzhou/ZJU-09/2020	EPI_ISL_416474	2020-01-28	China
Malaysia/MKAK-CL-2020-5045/2020	EPI_ISL_416829	2020-01-24	other Asia
Malaysia/MKAK-CL-2020-5047/2020	EPI_ISL_416866	2020-01-24	other Asia
Malaysia/MKAK-CL-2020-6430/2020	EPI_ISL_416886	2020-02-04	other Asia
Malaysia/MKAK-CL-2020-7554/2020	EPI_ISL_416907	2020-02-06	other Asia
Australia/NSW04/2020	EPI_ISL_417030	2020-01-24	Oceania
HongKong/VB20017970/2020	EPI_ISL_417064	2020-01-21	other Asia
HongKong/HKPU6_2101/2020	EPI_ISL_417178	2020-01-25	other Asia
HongKong/HKPU28_3001/2020	EPI_ISL_417185	2020-02-09	other Asia
HongKong/HKPU29_0102/2020	EPI_ISL_417187	2020-02-08	other Asia
HongKong/HKPU30_2901/2020	EPI_ISL_417188	2020-02-08	other Asia
HongKong/HKPU32_0402/2020	EPI_ISL_417193	2020-02-09	other Asia
HongKong/HKPU34_3001/2020	EPI_ISL_417197	2020-02-09	other Asia
Vietnam/19-02S/2020	EPI_ISL_418267	2020-01-22	other Asia
Vietnam/19-01S/2020	EPI_ISL_418269	2020-01-22	other Asia
Canada/ON_PHL4181/2020	EPI_ISL_418327	2020-01-25	North America
Hangzhou/HZ48/2020	EPI_ISL_418441	2020-01-21	China
Hangzhou/HZ49/2020	EPI_ISL_418442	2020-01-21	China
Hangzhou/HZ60/2020	EPI_ISL_418502	2020-01-22	China
Hangzhou/HZ79/2020	EPI_ISL_418504	2020-01-21	China
Hangzhou/HZ90/2020	EPI_ISL_418506	2020-01-21	China
Hangzhou/HZ91/2020	EPI_ISL_418507	2020-01-21	China
Hangzhou/HZ162/2020	EPI_ISL_418508	2020-01-23	China
Hangzhou/HZ178/2020	EPI_ISL_418509	2020-01-23	China
Hangzhou/HZ185/2020	EPI_ISL_418510	2020-01-23	China
Hangzhou/HZ477/2020	EPI_ISL_418511	2020-01-24	China
Hangzhou/HZ481/2020	EPI_ISL_418512	2020-01-25	China
Hangzhou/HZ551/2020	EPI_ISL_418513	2020-01-25	China
Hangzhou/HZ576/2020	EPI_ISL_418514	2020-01-25	China
Hangzhou/HZ638/2020	EPI_ISL_418515	2020-01-25	China
HongKong/HKPU36-0702/2020	EPI_ISL_418815	2020-02-09	other Asia
Hangzhou/ZJU-010/2020	EPI_ISL_418990	2020-02-03	China
Hangzhou/ZJU-011/2020	EPI_ISL_418991	2020-02-04	China
HongKong/HKPU39-3001/2020	EPI_ISL_419214	2020-02-10	other Asia
HongKong/HKPU41-0802/2020	EPI_ISL_419216	2020-02-10	other Asia
HongKong/HKPU48-0202/2020	EPI_ISL_419222	2020-02-11	other Asia
HongKong/HKPU52-3101/2020	EPI_ISL_419224	2020-02-13	other Asia
HongKong/HKPU63-1402/2020	EPI_ISL_419231	2020-02-19	other Asia
HongKong/HKPU64-1202/2020	EPI_ISL_419232	2020-02-19	other Asia
Japan/Hu_DP_Kng_19-031/2020	EPI_ISL_420889	2020-02-14	Japan
Hangzhou/HZCDC0119/2020	EPI_ISL_421226	2020-01-22	China
Hangzhou/HZCDC0091L/2020	EPI_ISL_421227	2020-01-21	China
Hangzhou/HZCDC0090L/2020	EPI_ISL_421229	2020-01-21	China
Hangzhou/HZCDC0049L/2020	EPI_ISL_421231	2020-01-21	China
Hangzhou/HZCDC0048L/2020	EPI_ISL_421232	2020-01-21	China
Hangzhou/HZCDC0048/2020	EPI_ISL_421233	2020-01-21	China
Hangzhou/HZCDC0013/2020	EPI_ISL_421235	2020-01-20	China
Hangzhou/HZCDC0012/2020	EPI_ISL_421236	2020-01-20	China
Jiujiang/JX22/2020	EPI_ISL_421237	2020-01-22	China
Nanchang/JX174/2020	EPI_ISL_421238	2020-01-29	China
Shangrao/JX105/2020	EPI_ISL_421239	2020-01-26	China
Shangrao/JX1948/2020	EPI_ISL_421240	2020-02-05	China
Nanchang/JX177/2020	EPI_ISL_421241	2020-01-30	China
Ganzhou/JX81/2020	EPI_ISL_421242	2020-01-25	China
Nanchang/JX14/2020	EPI_ISL_421243	2020-01-21	China
Shangrao/JX29/2020	EPI_ISL_421244	2020-01-22	China
Nanchang/JX90/2020	EPI_ISL_421245	2020-01-25	China
Nanchang/JX149/2020	EPI_ISL_421247	2020-01-27	China
Nanchang/JX39/2020	EPI_ISL_421248	2020-01-23	China
Xinyu/JX122/2020	EPI_ISL_421249	2020-01-25	China
Shangrao/JX1177/2020	EPI_ISL_421250	2020-02-03	China
Shangrao/JX1176/2020	EPI_ISL_421251	2020-02-03	China
Pingxiang/JX5/2020	EPI_ISL_421252	2020-01-11	China
Jian/JX129/2020	EPI_ISL_421253	2020-01-26	China
Shangrao/JX1178/2020	EPI_ISL_421254	2020-02-03	China
Jian/JX169/2020	EPI_ISL_421256	2020-01-27	China
Shangrao/JX1215/2020	EPI_ISL_421257	2020-02-02	China
Shangrao/JX1974/2020	EPI_ISL_421258	2020-02-08	China
Pingxiang/JX151/2020	EPI_ISL_421259	2020-01-27	China
Xinyu/JX124/2020	EPI_ISL_421260	2020-01-26	China
Nanchang/JX176/2020	EPI_ISL_421261	2020-01-29	China
Nanchang/JX155/2020	EPI_ISL_421262	2020-01-29	China
Zhejiang/HZ103/2020	EPI_ISL_422425	2020-01-24	China
Beijing/Wuhan_IME-BJ01/2020	EPI_ISL_424355	2020-01-24	China
Beijing/Wuhan_IME-BJ02/2020	EPI_ISL_424356	2020-01-25	China
Beijing/Wuhan_IME-BJ03/2020	EPI_ISL_424357	2020-01-28	China
Beijing/Wuhan_IME-BJ04/2020	EPI_ISL_424358	2020-01-28	China
Beijing/Wuhan_IME-BJ05/2020	EPI_ISL_424359	2020-01-27	China
Beijing/Wuhan_IME-BJ07/2020	EPI_ISL_424360	2020-01-29	China
Korea/KCDC2002/2020	EPI_ISL_425118	2020-01-30	other Asia
Korea/KCDC2004/2020	EPI_ISL_426164	2020-02-02	other Asia
Korea/KCDC2005/2020	EPI_ISL_426166	2020-02-04	other Asia
Korea/KCDC2006/2020	EPI_ISL_426168	2020-02-02	other Asia
Korea/KCDC2007/2020	EPI_ISL_426169	2020-02-05	other Asia
Korea/KCDC2008/2020	EPI_ISL_426171	2020-02-05	other Asia
Korea/KCDC2009/2020	EPI_ISL_426173	2020-02-07	other Asia
Korea/KCDC2010/2020	EPI_ISL_426180	2020-02-05	other Asia
Korea/KCDC2012/2020	EPI_ISL_426182	2020-02-09	other Asia
Korea/KCDC2014/2020	EPI_ISL_426187	2020-02-12	other Asia
Taiwan/TSGH-01/2020	EPI_ISL_426629	2020-02-07	other Asia
Korea/KCDC2016/2020	EPI_ISL_427810	2020-02-18	other Asia
Korea/KCDC2017/2020	EPI_ISL_427811	2020-02-18	other Asia
Korea/KCDC2018/2020	EPI_ISL_427812	2020-02-19	other Asia
Korea/KCDC2019/2020	EPI_ISL_427813	2020-02-18	other Asia
Guangdong/20SF1107/2020	EPI_ISL_428441	2020-01-29	China
Guangdong/20SF1152/2020	EPI_ISL_428444	2020-01-30	China
Guangdong/20SF123/2020	EPI_ISL_428449	2020-01-20	China
Guangdong/20SF2546/2020	EPI_ISL_428458	2020-02-06	China
Guangdong/20SF4047/2020	EPI_ISL_428462	2020-02-17	China
Guangdong/20SF602/2020	EPI_ISL_428464	2020-01-25	China
Guangdong/20SF616/2020	EPI_ISL_428465	2020-01-24	China
Guangdong/20SF629/2020	EPI_ISL_428466	2020-01-26	China
Guangdong/20SF632/2020	EPI_ISL_428468	2020-01-26	China
Guangdong/20SF665/2020	EPI_ISL_428469	2020-01-27	China
Guangdong/20SF684/2020	EPI_ISL_428470	2020-01-27	China
Guangdong/20SF685/2020	EPI_ISL_428471	2020-01-27	China
Guangdong/20SF753/2020	EPI_ISL_428472	2020-01-28	China
Guangdong/20SF758/2020	EPI_ISL_428473	2020-01-27	China
Guangdong/20SF808/2020	EPI_ISL_428474	2020-01-28	China
Guangdong/20SF812/2020	EPI_ISL_428475	2020-01-28	China
Guangdong/20SF813/2020	EPI_ISL_428476	2020-01-28	China
Taiwan/8/2020	EPI_ISL_428488	2020-01-31	other Asia
Taiwan/5/2020	EPI_ISL_428489	2020-01-31	other Asia
Guangzhou/GZMU0003/2020	EPI_ISL_429074	2020-02-07	China
Guangzhou/GZMU0008/2020	EPI_ISL_429075	2020-02-07	China
Guangzhou/GZMU0010/2020	EPI_ISL_429077	2020-02-07	China
Guangzhou/GZMU0013/2020	EPI_ISL_429078	2020-02-07	China
Guangzhou/GZMU0019/2020	EPI_ISL_429080	2020-02-05	China
Guangzhou/GZMU0023/2020	EPI_ISL_429082	2020-02-05	China
Guangzhou/GZMU0024/2020	EPI_ISL_429083	2020-02-05	China
Guangzhou/GZMU0025/2020	EPI_ISL_429084	2020-02-05	China
Guangzhou/GZMU0033/2020	EPI_ISL_429085	2020-02-01	China
Guangzhou/GZMU0034/2020	EPI_ISL_429086	2020-02-01	China
Guangzhou/GZMU0035/2020	EPI_ISL_429088	2020-02-01	China
Guangzhou/GZMU0037/2020	EPI_ISL_429089	2020-02-08	China
Guangzhou/GZMU0041/2020	EPI_ISL_429091	2020-02-08	China
Guangzhou/GZMU0045/2020	EPI_ISL_429092	2020-02-08	China
Guangzhou/GZMU0051/2020	EPI_ISL_429096	2020-01-29	China
Guangzhou/GZMU0052/2020	EPI_ISL_429097	2020-01-29	China
Guangzhou/GZMU0054/2020	EPI_ISL_429098	2020-01-29	China
Guangzhou/GZMU0059/2020	EPI_ISL_429102	2020-01-27	China
Guangzhou/GZMU0036/2020	EPI_ISL_429104	2020-02-01	China
Guangzhou/GZMU0055/2020	EPI_ISL_429105	2020-01-29	China
Lishui/LS111/2020	EPI_ISL_429852	2020-01-25	China
Lishui/LS556/2020	EPI_ISL_429853	2020-01-28	China
Lishui/LS557/2020	EPI_ISL_429854	2020-02-01	China
Malaysia/IMR_WC085/2020	EPI_ISL_430443	2020-01-28	other Asia
Malaysia/IMR_WC627/2020	EPI_ISL_430444	2020-02-12	other Asia
Beijing/BJ287/2020	EPI_ISL_430722	2020-01-29	China
Beijing/BJ752/2020	EPI_ISL_430724	2020-02-08	China
Beijing/BJ288/2020	EPI_ISL_430725	2020-01-29	China
Beijing/BJ492/2020	EPI_ISL_430728	2020-02-02	China
Beijing/BJ53/2020	EPI_ISL_430734	2020-01-24	China
Beijing/BJ54/2020	EPI_ISL_430735	2020-01-24	China
Beijing/BJ252/2020	EPI_ISL_430736	2020-01-29	China
Beijing/BJ710/2020	EPI_ISL_430740	2020-02-07	China
Beijing/BJ782/2020	EPI_ISL_430741	2020-02-10	China
Beijing/BJ251/2020	EPI_ISL_430742	2020-01-29	China
Fujian/3520022Y/2020	EPI_ISL_431785	2020-01-23	China
Wuhan/IVDC-HB-GX02/2019	EPI_ISL_434534	2019-12-30	China
HongKong/HK20/2020	EPI_ISL_434560	2020-01	other Asia
HongKong/HKU-902a/2020	EPI_ISL_434563	2020-01-23	other Asia
HongKong/HKU-902b/2020	EPI_ISL_434564	2020-01-24	other Asia
HongKong/HKU-903a/2020	EPI_ISL_434565	2020-01-24	other Asia
HongKong/HKU-903b/2020	EPI_ISL_434566	2020-01-27	other Asia
HongKong/HKU-907a/2020	EPI_ISL_434567	2020-01-27	other Asia
HongKong/HKU-907b/2020	EPI_ISL_434568	2020-01-29	other Asia
HongKong/HKU-908a/2020	EPI_ISL_434569	2020-01-27	other Asia
HongKong/HKU-908b/2020	EPI_ISL_434570	2020-01-29	other Asia
HongKong/HKU-001a/2020	EPI_ISL_434571	2020-01-22	other Asia
UnitedArabEmirates/L4280/2020	EPI_ISL_435134	2020-02-08	other Asia
UnitedArabEmirates/L5630/2020	EPI_ISL_435137	2020-01-29	other Asia
Thailand/SI203285-NT/2020	EPI_ISL_437612	2020-01-23	other Asia
Thailand/SI202205-NT/2020	EPI_ISL_437616	2020-02-07	other Asia
Thailand/SI201712-NT/2020	EPI_ISL_437617	2020-02-03	other Asia
Thailand/SI200615-NT/2020	EPI_ISL_437618	2020-01-29	other Asia
Thailand/SI200478-NST/2020	EPI_ISL_437619	2020-01-26	other Asia
Thailand/SI200468-NT/2020	EPI_ISL_437620	2020-01-25	other Asia
Thailand/SI200433-NT/2020	EPI_ISL_437621	2020-01-25	other Asia
Thailand/SI200383-NT/2020	EPI_ISL_437622	2020-01-23	other Asia
Thailand/SI200040-NT/2020	EPI_ISL_437623	2020-01-08	other Asia
Thailand/SI200893-NT/2020	EPI_ISL_437624	2020-02-01	other Asia
